,name,position,year_end,smallname
9,Alex Abrines,G-F,2018,A. Abrines
14,Quincy Acy,F,2018,Q. Acy
21,Steven Adams,C,2018,S. Adams
23,Bam Adebayo,C-F,2018,B. Adebayo
26,Arron Afflalo,G,2018,A. Afflalo
32,Alexis Ajinca,C,2017,A. Ajinca
39,Cole Aldrich,C,2018,C. Aldrich
40,LaMarcus Aldridge,F-C,2018,L. Aldridge
51,Jarrett Allen,F-C,2018,J. Allen
53,Kadeem Allen,G,2018,K. Allen
54,Lavoy Allen,F-C,2017,L. Allen
59,Tony Allen,G-F,2018,T. Allen
70,Al-Farouq Aminu,F,2018,A. Aminu
73,Chris Andersen,F-C,2017,C. Andersen
75,Alan Anderson,G-F,2017,A. Anderson
88,Justin Anderson,G,2018,J. Anderson
91,Kyle Anderson,F-G,2018,K. Anderson
96,Ryan Anderson,F,2018,R. Anderson
102,Ike Anigbogu,F-C,2018,I. Anigbogu
105,Giannis Antetokounmpo,F-G,2018,G. Antetokounmpo
107,Carmelo Anthony,F,2018,C. Anthony
109,Joel Anthony,C,2017,J. Anthony
111,OG Anunoby,F,2018,O. Anunoby
117,Ryan Arcidiacono,G,2018,R. Arcidiacono
120,Trevor Ariza,F,2018,T. Ariza
134,Darrell Arthur,F,2018,D. Arthur
136,Jamel Artis,G-F,2018,J. Artis
137,Omer Asik,C,2018,O. Asik
146,D.J. Augustin,G,2018,D. Augustin
159,Luke Babbitt,F,2018,L. Babbitt
162,Dwayne Bacon,G,2018,D. Bacon
177,Ron Baker,G,2018,R. Baker
179,Wade Baldwin,G,2017,W. Baldwin
182,Lonzo Ball,G,2018,L. Ball
191,Leandro Barbosa,G,2017,L. Barbosa
193,J.J. Barea,G,2018,J. Barea
200,Harrison Barnes,F,2018,H. Barnes
204,Matt Barnes,F,2017,M. Barnes
225,Will Barton,G,2018,W. Barton
228,Brandon Bass,F,2017,B. Bass
241,Nicolas Batum,F-G,2018,N. Batum
245,Jerryd Bayless,G,2018,J. Bayless
248,Aron Baynes,C,2018,A. Baynes
250,Kent Bazemore,G-F,2018,K. Bazemore
252,Bradley Beal,G,2018,B. Beal
259,Malik Beasley,G,2018,M. Beasley
260,Michael Beasley,F,2018,M. Beasley
273,Marco Belinelli,G-F,2018,M. Belinelli
276,Jordan Bell,F,2018,J. Bell
281,DeAndre' Bembry,F,2018,D. Bembry
284,Dragan Bender,F,2018,D. Bender
289,Anthony Bennett,F,2017,A. Bennett
299,Ben Bentil,F,2017,B. Bentil
305,Davis Bertans,F,2018,D. Bertans
308,Patrick Beverley,G,2018,P. Beverley
323,Khem Birch,C-F,2018,K. Birch
324,Jabari Bird,G,2018,J. Bird
329,Bismack Biyombo,C-F,2018,B. Biyombo
330,Nemanja Bjelica,F,2018,N. Bjelica
334,Tarik Black,C-F,2018,T. Black
343,Antonio Blakeney,G,2018,A. Blakeney
350,Eric Bledsoe,G,2018,E. Bledsoe
356,Vander Blue,G,2018,V. Blue
363,Bogdan Bogdanovic,G,2018,B. Bogdanovic
364,Bojan Bogdanovic,G-F,2018,B. Bogdanovic
366,Andrew Bogut,C,2018,A. Bogut
370,Joel Bolomboy,F,2018,J. Bolomboy
380,Devin Booker,G,2018,D. Booker
382,Trevor Booker,F,2018,T. Booker
422,Avery Bradley,G,2018,A. Bradley
431,Tony Bradley,F-C,2018,T. Bradley
450,Corey Brewer,F-G,2018,C. Brewer
470,Malcolm Brogdon,G,2018,M. Brogdon
474,Aaron Brooks,G,2018,A. Brooks
475,Dillon Brooks,G-F,2018,D. Brooks
481,Anthony Brown,F-G,2017,A. Brown
483,Bobby Brown,G,2018,B. Brown
497,Jaylen Brown,F-G,2018,J. Brown
504,Lorenzo Brown,G,2018,L. Brown
517,Sterling Brown,G,2018,S. Brown
525,Nicolas Brussino,G-F,2018,N. Brussino
530,Thomas Bryant,C,2018,T. Bryant
545,Reggie Bullock,G-F,2018,R. Bullock
553,Trey Burke,G,2017,T. Burke
555,Alec Burks,G,2018,A. Burks
577,Jimmy Butler,F-G,2018,J. Butler
591,Bruno Caboclo,F,2018,B. Caboclo
596,Jose Calderon,G,2018,J. Calderon
600,Kentavious Caldwell-Pope,G,2018,K. Caldwell-Pope
612,Isaiah Canaan,G,2018,I. Canaan
614,Clint Capela,C,2018,C. Capela
636,DeMarre Carroll,F,2018,D. Carroll
649,Vince Carter,G-F,2018,V. Carter
650,Michael Carter-Williams,G,2018,M. Carter-Williams
653,Alex Caruso,G,2018,A. Caruso
657,Omri Casspi,F,2018,O. Casspi
663,Willie Cauley-Stein,F-C,2018,W. Cauley-Stein
665,Tyler Cavanaugh,F,2018,T. Cavanaugh
671,Mario Chalmers,G,2018,M. Chalmers
677,Tyson Chandler,C,2018,T. Chandler
678,Wilson Chandler,F,2018,W. Chandler
697,Marquese Chriss,F,2018,M. Chriss
703,Rakeem Christmas,F,2017,R. Christmas
704,Semaj Christon,G,2017,S. Christon
711,Ian Clark,G,2018,I. Clark
715,Jordan Clarkson,G,2018,J. Clarkson
716,Gian Clavell,G,2018,G. Clavell
724,Antonius Cleveland,G,2018,A. Cleveland
734,Norris Cole,G,2017,N. Cole
749,John Collins,F,2018,J. Collins
752,Zach Collins,C-F,2018,Z. Collins
753,Kyle Collinsworth,G-F,2018,K. Collinsworth
754,Darren Collison,G,2018,D. Collison
755,Nick Collison,F,2018,N. Collison
767,Mike Conley,G,2018,M. Conley
770,Pat Connaughton,G,2018,P. Connaughton
784,Quinn Cook,G,2018,Q. Cook
785,Charles Cooke,G,2018,C. Cooke
788,Jack Cooley,F-C,2018,J. Cooley
804,Matt Costello,F,2018,M. Costello
813,DeMarcus Cousins,C-F,2018,D. Cousins
815,Robert Covington,F,2018,R. Covington
820,Allen Crabbe,G-F,2018,A. Crabbe
821,Torrey Craig,G-F,2018,T. Craig
824,Jamal Crawford,G,2018,J. Crawford
826,Jordan Crawford,G,2018,J. Crawford
848,Jae Crowder,F,2018,J. Crowder
854,Dante Cunningham,F,2018,D. Cunningham
867,Seth Curry,G,2017,S. Curry
868,Stephen Curry,G,2018,S. Curry
884,Troy Daniels,G,2018,T. Daniels
901,Anthony Davis,F-C,2018,A. Davis
913,Deyonta Davis,F-C,2018,D. Davis
915,Ed Davis,F,2018,E. Davis
957,Dewayne Dedmon,C,2018,D. Dedmon
963,Sam Dekker,F,2018,S. Dekker
965,Malcolm Delaney,G,2018,M. Delaney
969,Matthew Dellavedova,G,2018,M. Dellavedova
975,Luol Deng,F,2018,L. Deng
982,DeMar DeRozan,G-F,2018,D. DeRozan
987,Cheick Diallo,F,2018,C. Diallo
988,Boris Diaw,F-C,2017,B. Diaw
1000,Gorgui Dieng,C,2018,G. Dieng
1013,Spencer Dinwiddie,G,2018,S. Dinwiddie
1033,Tyler Dorsey,G,2018,T. Dorsey
1034,Damyean Dotson,G,2018,D. Dotson
1040,Toney Douglas,G,2017,T. Douglas
1049,Goran Dragic,G,2018,G. Dragic
1061,Andre Drummond,C,2018,A. Drummond
1066,Jared Dudley,F-G,2018,J. Dudley
1080,Mike Dunleavy,F-G,2017,M. Dunleavy
1081,Kris Dunn,G,2018,K. Dunn
1085,Kevin Durant,F-G,2018,K. Durant
1109,Jarell Eddie,G-F,2017,J. Eddie
1138,Henry Ellenson,F,2018,H. Ellenson
1139,Wayne Ellington,G,2018,W. Ellington
1150,Monta Ellis,G,2017,M. Ellis
1156,Joel Embiid,C-F,2018,J. Embiid
1169,James Ennis,F,2018,J. Ennis
1170,Tyler Ennis,G,2018,T. Ennis
1183,Jawun Evans,G,2018,J. Evans
1188,Tyreke Evans,G-F,2018,T. Evans
1192,Dante Exum,G,2017,D. Exum
1199,Kenneth Faried,F,2018,K. Faried
1201,Jordan Farmar,G,2017,J. Farmar
1208,Derrick Favors,F-C,2018,D. Favors
1217,Kay Felder,G,2018,K. Felder
1218,Cristiano Felicio,F-C,2018,C. Felicio
1222,Raymond Felton,G,2018,R. Felton
1226,Terrance Ferguson,G-F,2018,T. Ferguson
1232,Yogi Ferrell,G,2018,Y. Ferrell
1246,Dorian Finney-Smith,F,2018,D. Finney-Smith
1268,Bryn Forbes,G,2018,B. Forbes
1291,Evan Fournier,G-F,2018,E. Fournier
1296,De'Aaron Fox,G,2018,D. Fox
1300,Randy Foye,G,2017,R. Foye
1309,Tim Frazier,G,2018,T. Frazier
1324,Channing Frye,C-F,2018,C. Frye
1333,Markelle Fultz,G,2018,M. Fultz
1348,Danilo Gallinari,F,2018,D. Gallinari
1349,Langston Galloway,G,2018,L. Galloway
1363,Patricio Garino,G-F,2017,P. Garino
1382,Marc Gasol,C,2018,M. Gasol
1383,Pau Gasol,F-C,2018,P. Gasol
1387,Rudy Gay,F,2018,R. Gay
1390,Michael Gbinije,G,2017,M. Gbinije
1392,Alonzo Gee,G,2017,A. Gee
1397,Paul George,F,2018,P. George
1399,Marcus Georges-Hunt,G,2018,M. Georges-Hunt
1409,Jonathan Gibson,G,2017,J. Gibson
1412,Taj Gibson,F,2018,T. Gibson
1425,Manu Ginobili,G,2018,M. Ginobili
1438,Rudy Gobert,C,2018,R. Gobert
1449,Archie Goodwin,G,2017,A. Goodwin
1451,Aaron Gordon,F,2018,A. Gordon
1454,Eric Gordon,G,2018,E. Gordon
1457,Marcin Gortat,C-F,2018,M. Gortat
1471,Treveon Graham,G,2018,T. Graham
1482,Jerami Grant,F,2018,J. Grant
1483,Jerian Grant,G,2018,J. Grant
1501,Danny Green,G-F,2018,D. Green
1503,Draymond Green,F,2018,D. Green
1505,Gerald Green,G-F,2017,G. Green
1506,JaMychal Green,F,2018,J. Green
1507,Jeff Green,F,2018,J. Green
1536,Blake Griffin,F,2018,B. Griffin
1591,Daniel Hamilton,G-F,2018,D. Hamilton
1595,Justin Hamilton,C,2017,J. Hamilton
1606,A.J. Hammons,C,2017,A. Hammons
1626,Tim Hardaway,G,2018,T. Hardaway
1627,James Harden,G,2018,J. Harden
1635,Maurice Harkless,F-G,2018,M. Harkless
1640,Justin Harper,F,2017,J. Harper
1644,Montrezl Harrell,F-C,2018,M. Harrell
1655,Devin Harris,G,2018,D. Harris
1657,Gary Harris,G,2018,G. Harris
1658,Joe Harris,G,2018,J. Harris
1660,Manny Harris,G,2017,M. Harris
1664,Tobias Harris,F,2018,T. Harris
1666,Aaron Harrison,G,2017,A. Harrison
1667,Andrew Harrison,G,2018,A. Harrison
1671,Josh Hart,G,2018,J. Hart
1676,Udonis Haslem,F-C,2018,U. Haslem
1684,Spencer Hawes,C-F,2017,S. Hawes
1699,Gordon Hayward,F-G,2018,G. Hayward
1718,Gerald Henderson,G,2017,G. Henderson
1732,John Henson,C-F,2018,J. Henson
1737,Juan Hernangomez,F,2018,J. Hernangomez
1738,Willy Hernangomez,C,2018,W. Hernangomez
1749,Mario Hezonja,F-G,2018,M. Hezonja
1750,Roy Hibbert,C,2017,R. Hibbert
1754,Buddy Hield,G,2018,B. Hield
1764,Nene Hilario,F-C,2018,N. Hilario
1768,George Hill,G,2018,G. Hill
1770,Jordan Hill,C-F,2017,J. Hill
1772,Solomon Hill,F,2017,S. Hill
1776,Darrun Hilliard,G,2018,D. Hilliard
1795,Jrue Holiday,G,2018,J. Holiday
1796,Justin Holiday,G,2018,J. Holiday
1799,John Holland,G-F,2018,J. Holland
1804,Rondae Hollis-Jefferson,F,2018,R. Hollis-Jefferson
1806,Richaun Holmes,F-C,2018,R. Holmes
1816,Rodney Hood,G-F,2018,R. Hood
1826,Al Horford,C-F,2018,A. Horford
1835,Danuel House,G,2018,D. House
1841,Dwight Howard,C,2018,D. Howard
1854,Marcelo Huertas,G,2017,M. Huertas
1855,Josh Huestis,F,2018,J. Huestis
1866,Kris Humphries,F-C,2017,K. Humphries
1874,R.J. Hunter,G,2017,R. Hunter
1876,Vince Hunter,F,2018,V. Hunter
1885,Serge Ibaka,F-C,2018,S. Ibaka
1886,Andre Iguodala,G-F,2018,A. Iguodala
1890,Ersan Ilyasova,F,2018,E. Ilyasova
1893,Joe Ingles,F-G,2018,J. Ingles
1895,Brandon Ingram,F,2018,B. Ingram
1900,Kyrie Irving,G,2018,K. Irving
1901,Jonathan Isaac,F,2018,J. Isaac
1908,Wesley Iwundu,F,2018,W. Iwundu
1910,Jarrett Jack,G,2018,J. Jack
1915,Demetrius Jackson,G,2018,D. Jackson
1920,Josh Jackson,F-G,2018,J. Jackson
1921,Justin Jackson,G-F,2018,J. Jackson
1931,Pierre Jackson,G,2017,P. Jackson
1934,Reggie Jackson,G,2018,R. Jackson
1952,LeBron James,F-G,2018,L. James
1954,Mike James,G,2018,M. James
1969,Al Jefferson,C-F,2018,A. Jefferson
1972,Richard Jefferson,F,2018,R. Jefferson
1976,John Jenkins,G,2017,J. Jenkins
1977,Brandon Jennings,G,2017,B. Jennings
1981,Jonas Jerebko,F,2018,J. Jerebko
1988,Amir Johnson,F-C,2018,A. Johnson
1994,Brice Johnson,F,2018,B. Johnson
2003,Dakari Johnson,C,2018,D. Johnson
2022,James Johnson,F,2018,J. Johnson
2023,Joe Johnson,G-F,2018,J. Johnson
2044,Stanley Johnson,F,2018,S. Johnson
2049,Tyler Johnson,G,2018,T. Johnson
2051,Wesley Johnson,F-G,2018,W. Johnson
2056,Nikola Jokic,C-F,2018,N. Jokic
2069,Dahntay Jones,G-F,2017,D. Jones
2070,Damian Jones,F-C,2018,D. Jones
2073,Derrick Jones,F,2018,D. Jones
2084,Jalen Jones,G,2018,J. Jones
2085,James Jones,F-G,2017,J. Jones
2105,Terrence Jones,F,2017,T. Jones
2106,Tyus Jones,G,2018,T. Jones
2113,DeAndre Jordan,C,2018,D. Jordan
2124,Cory Joseph,G,2018,C. Joseph
2135,Frank Kaminsky,F-C,2018,F. Kaminsky
2136,Enes Kanter,C,2018,E. Kanter
2161,Ryan Kelly,F,2017,R. Kelly
2168,Luke Kennard,G,2018,L. Kennard
2188,Michael Kidd-Gilchrist,F,2018,M. Kidd-Gilchrist
2193,Sean Kilpatrick,G,2018,S. Kilpatrick
2225,Maxi Kleber,F,2018,M. Kleber
2235,Brandon Knight,G,2017,B. Knight
2252,Furkan Korkmaz,G,2018,F. Korkmaz
2255,Kyle Korver,G-F,2018,K. Korver
2260,Kosta Koufos,C,2018,K. Koufos
2289,Kyle Kuzma,F,2018,K. Kuzma
2291,Mindaugas Kuzminskas,F,2018,M. Kuzminskas
2292,Skal Labissiere,F,2018,S. Labissiere
2307,Jeremy Lamb,G-F,2018,J. Lamb
2325,Nicolas Laprovittola,G,2017,N. Laprovittola
2327,Shane Larkin,G,2018,S. Larkin
2337,Joffrey Lauvergne,C-F,2018,J. Lauvergne
2339,Zach LaVine,G,2017,Z. LaVine
2345,Ty Lawson,G,2017,T. Lawson
2346,Jake Layman,F,2018,J. Layman
2348,T.J. Leaf,F,2018,T. Leaf
2357,Courtney Lee,G,2018,C. Lee
2359,David Lee,F,2017,D. Lee
2374,Alex Len,C,2018,A. Len
2378,Kawhi Leonard,F,2018,K. Leonard
2379,Meyers Leonard,C-F,2018,M. Leonard
2385,Jon Leuer,F,2018,J. Leuer
2388,Caris LeVert,G-F,2018,C. LeVert
2404,DeAndre Liggins,G,2018,D. Liggins
2407,Damian Lillard,G,2018,D. Lillard
2408,Jeremy Lin,G,2018,J. Lin
2414,Shaun Livingston,G,2018,S. Livingston
2436,Shawn Long,C-F,2017,S. Long
2439,Kevon Looney,F-C,2018,K. Looney
2440,Brook Lopez,C,2018,B. Lopez
2443,Robin Lopez,C,2018,R. Lopez
2449,Kevin Love,F,2018,K. Love
2454,Kyle Lowry,G,2018,K. Lowry
2460,John Lucas III,G,2017,J. Lucas
2467,Timothe Luwawu-Cabarrot,F,2018,T. Luwawu-Cabarrot
2468,Tyler Lydon,F,2018,T. Lydon
2469,Trey Lyles,F,2018,T. Lyles
2475,Sheldon Mac,G,2017,S. Mac
2484,Shelvin Mack,G,2018,S. Mack
2497,Josh Magette,G,2018,J. Magette
2502,Ian Mahinmi,C,2018,I. Mahinmi
2509,Thon Maker,F-C,2018,T. Maker
2535,Boban Marjanovic,C,2018,B. Marjanovic
2536,Lauri Markkanen,F,2018,L. Markkanen
2557,Jarell Martin,F,2018,J. Martin
2570,Frank Mason,G,2018,F. Mason
2574,Mangok Mathiang,C-F,2018,M. Mathiang
2577,Wesley Matthews,G,2018,W. Matthews
2595,Luc Mbah a Moute,F,2018,L. Mbah
2597,James Michael McAdoo,F,2018,J. Michael
2612,Patrick McCaw,G,2018,P. McCaw
2618,C.J. McCollum,G,2018,C. McCollum
2621,T.J. McConnell,G,2018,T. McConnell
2629,Chris McCullough,F,2018,C. McCullough
2634,K.J. McDaniels,G-F,2017,K. McDaniels
2635,Doug McDermott,F,2018,D. McDermott
2647,JaVale McGee,C,2018,J. McGee
2655,Rodney McGruder,G,2017,R. McGruder
2675,Alfonzo McKinnie,F,2018,A. McKinnie
2676,Ben McLemore,G,2018,B. McLemore
2698,Jordan McRae,G,2017,J. McRae
2700,Josh McRoberts,F,2017,J. McRoberts
2705,Jodie Meeks,G,2018,J. Meeks
2711,Salah Mejri,C,2018,S. Mejri
2732,Jordan Mickey,F,2018,J. Mickey
2733,Khris Middleton,F-G,2018,K. Middleton
2742,C.J. Miles,G-F,2018,C. Miles
2753,Darius Miller,F,2018,D. Miller
2759,Malcolm Miller,F,2018,M. Miller
2760,Mike Miller,F-G,2017,M. Miller
2767,Patty Mills,G,2018,P. Mills
2769,Elijah Millsap,G-F,2017,E. Millsap
2770,Paul Millsap,F,2018,P. Millsap
2777,Nikola Mirotic,F,2018,N. Mirotic
2780,Donovan Mitchell,G,2018,D. Mitchell
2803,Malik Monk,G,2018,M. Monk
2805,Greg Monroe,C-F,2018,G. Monroe
2813,E'Twaun Moore,G,2018,E. Moore
2824,Eric Moreland,F-C,2018,E. Moreland
2833,Marcus Morris,F,2018,M. Morris
2834,Markieff Morris,F,2018,M. Morris
2836,Monte Morris,G,2018,M. Morris
2843,Anthony Morrow,G,2017,A. Morrow
2850,Donatas Motiejunas,F-C,2017,D. Motiejunas
2851,Johnathan Motley,F,2018,J. Motley
2856,Timofey Mozgov,C,2018,T. Mozgov
2858,Emmanuel Mudiay,G,2018,E. Mudiay
2860,Shabazz Muhammad,F-G,2018,S. Muhammad
2882,Dejounte Murray,G,2018,D. Murray
2883,Jamal Murray,G,2018,J. Murray
2891,Mike Muscala,F-C,2018,M. Muscala
2904,Abdel Nader,F,2018,A. Nader
2910,Larry Nance,F,2018,L. Nance
2911,Shabazz Napier,G,2018,S. Napier
2922,Maurice Ndour,F,2017,M. Ndour
2924,Gary Neal,G,2017,G. Neal
2933,Jameer Nelson,G,2018,J. Nelson
2941,Raul Neto,G,2018,R. Neto
2953,Georges Niang,F,2017,G. Niang
2956,Andrew Nicholson,F,2017,A. Nicholson
2965,Joakim Noah,C,2018,J. Noah
2969,Nerlens Noel,C-F,2018,N. Noel
2971,Lucas Nogueira,C,2018,L. Nogueira
2986,Steve Novak,F,2017,S. Novak
2988,Dirk Nowitzki,F,2018,D. Nowitzki
2989,Frank Ntilikina,G,2018,F. Ntilikina
2991,Jusuf Nurkic,C,2018,J. Nurkic
2993,David Nwaba,G,2018,D. Nwaba
3003,Johnny O'Bryant,F-C,2018,J. O'Bryant
3015,Royce O'Neale,F,2018,R. O'Neale
3017,Kyle O'Quinn,F-C,2018,K. O'Quinn
3023,Daniel Ochefu,C,2017,D. Ochefu
3031,Semi Ojeleye,F,2018,S. Ojeleye
3033,Jahlil Okafor,C-F,2018,J. Okafor
3035,Victor Oladipo,G,2018,V. Oladipo
3049,Kelly Olynyk,C-F,2018,K. Olynyk
3050,Arinze Onuaku,C,2017,A. Onuaku
3051,Chinanu Onuaku,F-C,2017,C. Onuaku
3058,Cedi Osman,F,2018,C. Osman
3064,Kelly Oubre,F,2018,K. Oubre
3081,Zaza Pachulia,C,2018,Z. Pachulia
3087,Marcus Paige,G,2018,M. Paige
3096,Georgios Papagiannis,C,2018,G. Papagiannis
3104,Jabari Parker,F,2017,J. Parker
3107,Tony Parker,G,2018,T. Parker
3116,Chandler Parsons,F,2018,C. Parsons
3124,Lamar Patterson,G-F,2017,L. Patterson
3125,Patrick Patterson,F,2018,P. Patterson
3130,Brandon Paul,G,2018,B. Paul
3131,Chris Paul,G,2018,C. Paul
3140,Adreian Payne,F-C,2018,A. Payne
3141,Cameron Payne,G,2017,C. Payne
3144,Elfrid Payton,G,2018,E. Payton
3146,Gary Payton,G,2018,G. Payton
3168,London Perrantes,G,2018,L. Perrantes
3176,Alec Peters,F,2018,A. Peters
3201,Paul Pierce,F-G,2017,P. Pierce
3216,Marshall Plumlee,C,2017,M. Plumlee
3217,Mason Plumlee,C-F,2018,M. Plumlee
3218,Miles Plumlee,C-F,2018,M. Plumlee
3221,Jakob Poeltl,C,2018,J. Poeltl
3228,Quincy Pondexter,G-F,2018,Q. Pondexter
3236,Otto Porter,F,2018,O. Porter
3239,Bobby Portis,F,2018,B. Portis
3241,Kristaps Porzingis,F-C,2018,K. Porzingis
3248,Dwight Powell,F-C,2018,D. Powell
3251,Norman Powell,G,2018,N. Powell
3253,Alex Poythress,F,2018,A. Poythress
3266,Ronnie Price,G,2017,R. Price
3279,Jacob Pullen,G,2018,J. Pullen
3281,Zhou Qi,F-C,2018,Z. Qi
3282,Tim Quarterman,G,2017,T. Quarterman
3286,Ivan Rabb,F,2018,I. Rabb
3308,Chasson Randle,G,2017,C. Randle
3309,Julius Randle,F-C,2018,J. Randle
3312,Zach Randolph,F-C,2018,Z. Randolph
3337,J.J. Redick,G,2018,J. Redick
3342,Willie Reed,F-C,2018,W. Reed
3374,Josh Richardson,G,2018,J. Richardson
3375,Malachi Richardson,G,2018,M. Richardson
3400,Austin Rivers,G,2018,A. Rivers
3405,Andre Roberson,G-F,2018,A. Roberson
3411,Brian Roberts,G,2017,B. Roberts
3430,Glenn Robinson,G-F,2017,G. Robinson
3440,Thomas Robinson,F,2017,T. Robinson
3452,Sergio Rodriguez,G,2017,S. Rodriguez
3467,Rajon Rondo,G,2018,R. Rondo
3470,Derrick Rose,G,2018,D. Rose
3479,Terrence Ross,F-G,2018,T. Ross
3496,Terry Rozier,G,2018,T. Rozier
3497,Ricky Rubio,G,2018,R. Rubio
3501,Damjan Rudez,F,2017,D. Rudez
3511,Brandon Rush,G-F,2017,B. Rush
3517,D'Angelo Russell,G,2018,D. Russell
3524,Domantas Sabonis,F-C,2018,D. Sabonis
3534,JaKarr Sampson,G-F,2018,J. Sampson
3542,Larry Sanders,C-F,2017,L. Sanders
3550,Dario Saric,F,2018,D. Saric
3553,Tomas Satoransky,G,2018,T. Satoransky
3589,Dennis Schroder,G,2018,D. Schroder
3594,Luis Scola,F,2017,L. Scola
3602,Mike Scott,F,2018,M. Scott
3614,Thabo Sefolosha,G-F,2018,T. Sefolosha
3618,Wayne Selden,G-F,2018,W. Selden
3627,Kevin Seraphin,F,2017,K. Seraphin
3629,Ramon Sessions,G,2018,R. Sessions
3666,Iman Shumpert,G,2018,I. Shumpert
3668,Pascal Siakam,F,2018,P. Siakam
3682,Ben Simmons,G-F,2018,B. Simmons
3688,Jonathon Simmons,G-F,2018,J. Simmons
3689,Kobi Simmons,G,2018,K. Simmons
3701,Kyle Singler,F,2018,K. Singler
3724,Marcus Smart,G,2018,M. Smart
3740,Dennis Smith,G,2018,D. Smith
3751,Ish Smith,G,2018,I. Smith
3752,J.R. Smith,G-F,2018,J. Smith
3754,Jason Smith,F-C,2018,J. Smith
3759,Josh Smith,F,2018,J. Smith
3789,Tony Snell,G-F,2018,T. Snell
3813,Marreese Speights,C-F,2018,M. Speights
3819,Tiago Splitter,F-C,2017,T. Splitter
3836,Nik Stauskas,G,2018,N. Stauskas
3845,Lance Stephenson,G-F,2018,L. Stephenson
3867,Jarnell Stokes,F-C,2017,J. Stokes
3871,Diamond Stone,C,2017,D. Stone
3873,Julyan Stone,G,2018,J. Stone
3891,Rodney Stuckey,G,2017,R. Stuckey
3895,Jared Sullinger,F,2017,J. Sullinger
3908,Caleb Swanigan,F,2018,C. Swanigan
3930,Jayson Tatum,F,2018,J. Tatum
3931,Edy Tavares,C,2017,E. Tavares
3937,Isaiah Taylor,G,2018,I. Taylor
3951,Jeff Teague,G,2018,J. Teague
3953,Mirza Teletovic,F,2018,M. Teletovic
3956,Garrett Temple,G,2018,G. Temple
3957,Milos Teodosic,G,2018,M. Teodosic
3962,Jason Terry,G,2018,J. Terry
3966,Daniel Theis,C,2018,D. Theis
3978,Isaiah Thomas,G,2017,I. Thomas
3987,Lance Thomas,F,2018,L. Thomas
4002,Hollis Thompson,G-F,2017,H. Thompson
4007,Klay Thompson,G-F,2018,K. Thompson
4013,Tristan Thompson,F-C,2018,T. Thompson
4019,Marcus Thornton,G,2017,M. Thornton
4020,Sindarius Thornwell,G,2018,S. Thornwell
4032,Mike Tobey,C,2017,M. Tobey
4036,Anthony Tolliver,F-C,2018,A. Tolliver
4050,Axel Toupane,G-F,2017,A. Toupane
4055,Karl-Anthony Towns,C-F,2018,K. Towns
4075,P.J. Tucker,F,2018,P. Tucker
4083,Evan Turner,G,2018,E. Turner
4091,Myles Turner,C-F,2018,M. Turner
4101,Ekpe Udoh,C-F,2018,E. Udoh
4103,Beno Udrih,G,2017,B. Udrih
4105,Tyler Ulis,G,2018,T. Ulis
4109,Jarrod Uthoff,F,2017,J. Uthoff
4112,Jonas Valanciunas,C,2018,J. Valanciunas
4114,Denzel Valentine,G,2018,D. Valentine
4131,Fred VanVleet,G,2018,F. VanVleet
4133,Anderson Varejao,F-C,2017,A. Varejao
4135,Greivis Vasquez,G,2017,G. Vasquez
4140,Rashad Vaughn,G,2018,R. Vaughn
4158,Noah Vonleh,F,2018,N. Vonleh
4165,Nikola Vucevic,C,2018,N. Vucevic
4166,Sasha Vujacic,G,2017,S. Vujacic
4167,Dwyane Wade,G,2018,D. Wade
4175,Dion Waiters,G,2018,D. Waiters
4188,Kemba Walker,G,2018,K. Walker
4193,John Wall,G,2018,J. Wall
4201,Taurean Waller-Prince,F,2018,T. Waller-Prince
4208,Derrick Walton,G,2018,D. Walton
4223,T.J. Warren,F,2018,T. Warren
4242,C.J. Watson,G,2017,C. Watson
4258,Briante Weber,G,2018,B. Weber
4282,David West,F,2018,D. West
4290,Russell Westbrook,G,2018,R. Westbrook
4300,Derrick White,G,2018,D. White
4307,Okaro White,F,2018,O. White
4315,Isaiah Whitehead,G,2018,I. Whitehead
4318,Hassan Whiteside,C,2018,H. Whiteside
4328,Andrew Wiggins,F-G,2018,A. Wiggins
4331,C.J. Wilcox,G,2017,C. Wilcox
4335,Jacob Wiley,F,2018,J. Wiley
4343,Damien Wilkins,F-G,2018,D. Wilkins
4352,Alan Williams,F-C,2017,A. Williams
4359,C.J. Williams,G,2018,C. Williams
4365,Deron Williams,G,2017,D. Williams
4366,Derrick Williams,F,2017,D. Williams
4391,Lou Williams,G,2018,L. Williams
4394,Marvin Williams,F,2018,M. Williams
4395,Matt Williams,G,2018,M. Williams
4405,Reggie Williams,F,2017,R. Williams
4419,Troy Williams,F,2018,T. Williams
4433,D.J. Wilson,F,2018,D. Wilson
4436,Jamil Wilson,F,2018,J. Wilson
4446,Kyle Wiltjer,F,2017,K. Wiltjer
4455,Justise Winslow,F,2018,J. Winslow
4462,Jeff Withey,C,2018,J. Withey
4470,Nate Wolters,G,2018,N. Wolters
4473,Christian Wood,F,2017,C. Wood
4487,Metta World Peace,F,2017,M. World
4494,Brandan Wright,F-C,2018,B. Wright
4497,Delon Wright,G,2018,D. Wright
4512,Guerschon Yabusele,F,2018,G. Yabusele
4520,James Young,G-F,2017,J. Young
4521,Joe Young,G,2018,J. Young
4524,Nick Young,G-F,2018,N. Young
4527,Thaddeus Young,F,2018,T. Young
4532,Cody Zeller,C-F,2018,C. Zeller
4537,Tyler Zeller,F-C,2018,T. Zeller
4543,Stephen Zimmerman,C,2017,S. Zimmerman
4544,Paul Zipser,G-F,2018,P. Zipser
4545,Ante Zizic,F-C,2018,A. Zizic
4548,Ivica Zubac,C,2018,I. Zubac
